id,firstName,lastName,email,gender,contactNo,country,dob
1,Victoria,Lane,emily56@gmail.com,genderqueer,970-431-481,Seychelles,24-08-2001
2,Sharon,Boyd,rschwartz@hotmail.com,female,970-723-893,Maldives,24-08-2001
3,Richard,Owens,josereed@graham-dominguez.com,genderqueer,970-129-124,United Kingdom,24-08-2001
4,Michael,Arnold,annettehamilton@bates.com,genderqueer,970-607-156,Kuwait,24-08-2001
5,Andrea,Vega,lewiskyle@smith.biz,genderqueer,970-580-470,Greenland,24-08-2001
6,Christina,White,ehall@gmail.com,genderqueer,970-132-178,Haiti,24-08-2001
7,Ashley,Davenport,omiller@graves-whitney.info,female,970-316-643,British Indian Ocean Territory (Chagos Archipelago),24-08-2001
8,Thomas,Simmons,roger80@yahoo.com,genderqueer,970-167-142,Panama,24-08-2001
9,Amanda,Rodriguez,lawsonashley@gmail.com,male,970-766-667,South Georgia and the South Sandwich Islands,24-08-2001
10,Justin,Morgan,maryavery@yahoo.com,male,970-922-701,Uganda,24-08-2001
11,Sarah,Ramsey,billypowell@hotmail.com,female,970-114-297,Albania,24-08-2001
12,Carrie,Davis,scott65@davis-rogers.com,genderqueer,970-973-410,Zambia,24-08-2001
13,John,Montgomery,williamsdanielle@rivera.com,male,970-770-715,Poland,24-08-2001
14,Max,Kirby,amanda35@aguilar-hall.com,genderqueer,970-921-989,Togo,24-08-2001
15,Matthew,Gibbs,edwardmyers@gomez.com,male,970-398-873,Turkmenistan,24-08-2001
16,Nicole,Garza,qlee@barr-matthews.com,male,970-180-200,Egypt,24-08-2001
17,Logan,Abbott,fjohnson@gmail.com,genderqueer,970-266-749,Marshall Islands,24-08-2001
18,Sandy,Willis,chrisrobinson@berger.com,female,970-675-587,Poland,24-08-2001
19,Amanda,Jones,georgemorgan@ward-perkins.com,male,970-696-934,Singapore,24-08-2001
20,Thomas,Burgess,valerierodriguez@miller-moreno.com,female,970-125-137,Niue,24-08-2001
